clock_source,vco_freq,div1,div2,clock_freq
pll,0760,1,6,63000
pll,0760,1,7,108000
pll,0760,2,3,126000
pll,0760,2,4,94500
pll,0760,2,5,75600
pll,0760,2,6,63000
pll,0760,2,7,54000
pll,0760,3,2,126000
pll,0760,3,3,84000
pll,0760,3,4,63000
pll,0760,3,5,50400
pll,0760,3,6,42000
pll,0760,3,7,36001
pll,0760,4,2,94500
pll,0760,4,3,63001
pll,0760,4,4,47250
pll,0760,4,5,37800
pll,0760,4,6,31500
pll,0760,4,7,27000
pll,0760,5,2,75600
pll,0760,5,3,50400
pll,0760,5,4,37800
pll,0760,5,5,30240
pll,0760,5,6,25200
pll,0760,5,7,21600
pll,0760,6,1,126001
pll,0760,6,2,63000
pll,0760,6,3,42000
pll,0760,6,4,31500
pll,0760,6,5,25200
pll,0760,6,6,21000
pll,0760,6,7,18000
pll,0760,7,1,108002
pll,0760,7,2,54000
pll,0760,7,3,36000
pll,0760,7,4,27000
pll,0760,7,5,21600
pll,0760,7,6,18000
pll,0760,7,7,15429
pll,0770,1,6,64000
pll,0770,1,7,109715
pll,0770,2,3,128000
pll,0770,2,4,96000
pll,0770,2,5,76800
pll,0770,2,6,64000
pll,0770,2,7,54857
pll,0770,3,2,128000
pll,0770,3,3,85333
pll,0770,3,4,64000
pll,0770,3,5,51200
pll,0770,3,6,42666
pll,0770,3,7,36571
pll,0770,4,2,96000
pll,0770,4,3,64000
pll,0770,4,4,48000
pll,0770,4,5,38400
pll,0770,4,6,32000
pll,0770,4,7,27429
pll,0770,5,2,76800
pll,0770,5,3,51201
pll,0770,5,4,38400
pll,0770,5,5,30720
pll,0770,5,6,25600
pll,0770,5,7,21943
pll,0770,6,1,128000
pll,0770,6,2,64000
pll,0770,6,3,42667
pll,0770,6,4,32000
pll,0770,6,5,25600
pll,0770,6,6,21334
pll,0770,6,7,18285
pll,0770,7,1,109714
pll,0770,7,2,54857
pll,0770,7,3,36571
pll,0770,7,4,27429
pll,0770,7,5,21943
pll,0770,7,6,18286
pll,0770,7,7,15673
pll,0780,1,6,130001
pll,0780,1,7,55714
pll,0780,2,3,130000
pll,0780,2,4,97501
pll,0780,2,5,78000
pll,0780,2,6,65000
pll,0780,2,7,55714
pll,0780,3,2,130000
pll,0780,3,3,86667
pll,0780,3,4,65000
pll,0780,3,5,52000
pll,0780,3,6,43333
pll,0780,3,7,37143
pll,0780,4,2,97500
pll,0780,4,3,65000
pll,0780,4,4,48750
pll,0780,4,5,39000
pll,0780,4,6,32500
pll,0780,4,7,27857
pll,0780,5,2,78000
pll,0780,5,3,52000
pll,0780,5,4,39000
pll,0780,5,5,31200
pll,0780,5,6,26000
pll,0780,5,7,22286
pll,0780,6,1,130001
pll,0780,6,2,65000
pll,0780,6,3,43333
pll,0780,6,4,32500
pll,0780,6,5,26000
pll,0780,6,6,21666
pll,0780,6,7,18571
pll,0780,7,1,111428
pll,0780,7,2,55715
pll,0780,7,3,37143
pll,0780,7,4,27857
pll,0780,7,5,22285
pll,0780,7,6,18571
pll,0780,7,7,15919
pll,0790,1,6,65000
pll,0790,1,7,55714
pll,0790,2,3,130000
pll,0790,2,4,97500
pll,0790,2,5,78000
pll,0790,2,6,65000
pll,0790,2,7,55714
pll,0790,3,2,130000
pll,0790,3,3,86667
pll,0790,3,4,65000
pll,0790,3,5,52000
pll,0790,3,6,43333
pll,0790,3,7,37143
pll,0790,4,2,97500
pll,0790,4,3,65000
pll,0790,4,4,48750
pll,0790,4,5,39000
pll,0790,4,6,32500
pll,0790,4,7,27857
pll,0790,5,2,78000
pll,0790,5,3,52000
pll,0790,5,4,39000
pll,0790,5,5,31200
pll,0790,5,6,26000
pll,0790,5,7,22286
pll,0790,6,1,130001
pll,0790,6,2,65000
pll,0790,6,3,43334
pll,0790,6,4,32501
pll,0790,6,5,26000
pll,0790,6,6,21666
pll,0790,6,7,18572
pll,0790,7,1,111428
pll,0790,7,2,55714
pll,0790,7,3,37143
pll,0790,7,4,27857
pll,0790,7,5,22285
pll,0790,7,6,18572
pll,0790,7,7,15918
pll,0800,1,6,132000
pll,0800,1,7,56571
pll,0800,2,3,132000
pll,0800,2,4,99000
pll,0800,2,5,79200
pll,0800,2,6,66000
pll,0800,2,7,56572
pll,0800,3,2,132000
pll,0800,3,3,88000
pll,0800,3,4,66000
pll,0800,3,5,52800
pll,0800,3,6,44000
pll,0800,3,7,37715
pll,0800,4,2,99000
pll,0800,4,3,66000
pll,0800,4,4,49500
pll,0800,4,5,39600
pll,0800,4,6,33000
pll,0800,4,7,28286
pll,0800,5,2,79200
pll,0800,5,3,52800
pll,0800,5,4,39600
pll,0800,5,5,31680
pll,0800,5,6,26400
pll,0800,5,7,22628
pll,0800,6,1,132000
pll,0800,6,2,66000
pll,0800,6,3,44000
pll,0800,6,4,33000
pll,0800,6,5,26400
pll,0800,6,6,22000
pll,0800,6,7,18857
pll,0800,7,1,113143
pll,0800,7,2,56572
pll,0800,7,3,37715
pll,0800,7,4,28285
pll,0800,7,5,22629
pll,0800,7,6,18857
pll,0800,7,7,16163
pll,0810,1,6,67000
pll,0810,1,7,114857
pll,0810,2,3,134001
pll,0810,2,4,100500
pll,0810,2,5,80400
pll,0810,2,6,67000
pll,0810,2,7,57429
pll,0810,3,2,134000
pll,0810,3,3,89334
pll,0810,3,4,67000
pll,0810,3,5,53600
pll,0810,3,6,44666
pll,0810,3,7,38286
pll,0810,4,2,100500
pll,0810,4,3,67000
pll,0810,4,4,50250
pll,0810,4,5,40200
pll,0810,4,6,33500
pll,0810,4,7,28714
pll,0810,5,2,80400
pll,0810,5,3,53600
pll,0810,5,4,40200
pll,0810,5,5,32160
pll,0810,5,6,26800
pll,0810,5,7,22971
pll,0810,6,1,134001
pll,0810,6,2,67000
pll,0810,6,3,44666
pll,0810,6,4,33500
pll,0810,6,5,26800
pll,0810,6,6,22333
pll,0810,6,7,19143
pll,0810,7,1,114857
pll,0810,7,2,57428
pll,0810,7,3,38286
pll,0810,7,4,28714
pll,0810,7,5,22972
pll,0810,7,6,19143
pll,0810,7,7,16408
pll,0820,1,6,68000
pll,0820,1,7,116572
pll,0820,2,3,136000
pll,0820,2,4,102000
pll,0820,2,5,81600
pll,0820,2,6,68000
pll,0820,2,7,58285
pll,0820,3,2,136000
pll,0820,3,3,90667
pll,0820,3,4,68000
pll,0820,3,5,54400
pll,0820,3,6,45333
pll,0820,3,7,38858
pll,0820,4,2,102000
pll,0820,4,3,68000
pll,0820,4,4,51000
pll,0820,4,5,40800
pll,0820,4,6,34000
pll,0820,4,7,29143
pll,0820,5,2,81600
pll,0820,5,3,54400
pll,0820,5,4,40800
pll,0820,5,5,32640
pll,0820,5,6,27200
pll,0820,5,7,23314
pll,0820,6,1,136000
pll,0820,6,2,68000
pll,0820,6,3,45333
pll,0820,6,4,34000
pll,0820,6,5,27200
pll,0820,6,6,22667
pll,0820,6,7,19429
pll,0820,7,1,116572
pll,0820,7,2,58285
pll,0820,7,3,38857
pll,0820,7,4,29143
pll,0820,7,5,23315
pll,0820,7,6,19429
pll,0820,7,7,16653
pll,0830,1,6,69000
pll,0830,1,7,59143
pll,0830,2,3,138000
pll,0830,2,4,103500
pll,0830,2,5,82800
pll,0830,2,6,69000
pll,0830,2,7,59143
pll,0830,3,2,138001
pll,0830,3,3,92000
pll,0830,3,4,69000
pll,0830,3,5,55201
pll,0830,3,6,46000
pll,0830,3,7,39429
pll,0830,4,2,103500
pll,0830,4,3,69001
pll,0830,4,4,51750
pll,0830,4,5,41400
pll,0830,4,6,34500
pll,0830,4,7,29571
pll,0830,5,2,82800
pll,0830,5,3,55200
pll,0830,5,4,41400
pll,0830,5,5,33120
pll,0830,5,6,27600
pll,0830,5,7,23657
pll,0830,6,1,138001
pll,0830,6,2,69000
pll,0830,6,3,46000
pll,0830,6,4,34500
pll,0830,6,5,27600
pll,0830,6,6,23000
pll,0830,6,7,19714
pll,0830,7,1,118286
pll,0830,7,2,59143
pll,0830,7,3,39429
pll,0830,7,4,29571
pll,0830,7,5,23657
pll,0830,7,6,19714
pll,0830,7,7,16898
pll,0840,1,6,70000
pll,0840,1,7,60000
pll,0840,2,3,140000
pll,0840,2,4,105000
pll,0840,2,5,84001
pll,0840,2,6,70000
pll,0840,2,7,60000
pll,0840,3,2,140000
pll,0840,3,3,93333
pll,0840,3,4,70000
pll,0840,3,5,56000
pll,0840,3,6,46667
pll,0840,3,7,40000
pll,0840,4,2,105000
pll,0840,4,3,70000
pll,0840,4,4,52500
pll,0840,4,5,42000
pll,0840,4,6,35000
pll,0840,4,7,30000
pll,0840,5,2,84000
pll,0840,5,3,56000
pll,0840,5,4,42000
pll,0840,5,5,33600
pll,0840,5,6,28000
pll,0840,5,7,24000
pll,0840,6,1,140000
pll,0840,6,2,70000
pll,0840,6,3,46666
pll,0840,6,4,35000
pll,0840,6,5,28000
pll,0840,6,6,23334
pll,0840,6,7,20000
pll,0840,7,1,120002
pll,0840,7,2,60000
pll,0840,7,3,40000
pll,0840,7,4,30000
pll,0840,7,5,24000
pll,0840,7,6,20000
pll,0840,7,7,17143
pll,0850,1,6,70000
pll,0850,1,7,60000
pll,0850,2,3,140000
pll,0850,2,4,105000
pll,0850,2,5,84000
pll,0850,2,6,70000
pll,0850,2,7,60000
pll,0850,3,2,140000
pll,0850,3,3,93333
pll,0850,3,4,70000
pll,0850,3,5,56000
pll,0850,3,6,46667
pll,0850,3,7,40000
pll,0850,4,2,105000
pll,0850,4,3,70000
pll,0850,4,4,52500
pll,0850,4,5,42000
pll,0850,4,6,35000
pll,0850,4,7,30000
pll,0850,5,2,84000
pll,0850,5,3,56000
pll,0850,5,4,42000
pll,0850,5,5,33600
pll,0850,5,6,28000
pll,0850,5,7,24000
pll,0850,6,1,140002
pll,0850,6,2,70000
pll,0850,6,3,46666
pll,0850,6,4,35001
pll,0850,6,5,28000
pll,0850,6,6,23334
pll,0850,6,7,20000
pll,0850,7,1,120000
pll,0850,7,2,60000
pll,0850,7,3,40000
pll,0850,7,4,30000
pll,0850,7,5,24000
pll,0850,7,6,20000
pll,0850,7,7,17143
pll,0860,1,6,71000
pll,0860,1,7,60857
pll,0860,2,3,142000
pll,0860,2,4,106500
pll,0860,2,5,85200
pll,0860,2,6,71000
pll,0860,2,7,60857
pll,0860,3,2,142000
pll,0860,3,3,94667
pll,0860,3,4,71000
pll,0860,3,5,56800
pll,0860,3,6,47334
pll,0860,3,7,40572
pll,0860,4,2,106501
pll,0860,4,3,71000
pll,0860,4,4,53250
pll,0860,4,5,42600
pll,0860,4,6,35500
pll,0860,4,7,30428
pll,0860,5,2,85200
pll,0860,5,3,56800
pll,0860,5,4,42600
pll,0860,5,5,34080
pll,0860,5,6,28400
pll,0860,5,7,24342
pll,0860,6,1,142001
pll,0860,6,2,71000
pll,0860,6,3,47333
pll,0860,6,4,35500
pll,0860,6,5,28400
pll,0860,6,6,23666
pll,0860,6,7,20286
pll,0860,7,1,121715
pll,0860,7,2,60857
pll,0860,7,3,40571
pll,0860,7,4,30429
pll,0860,7,5,24343
pll,0860,7,6,20286
pll,0860,7,7,17387
pll,0870,1,6,72000
pll,0870,1,7,123429
pll,0870,2,3,144000
pll,0870,2,4,108000
pll,0870,2,5,86400
pll,0870,2,6,72000
pll,0870,2,7,61715
pll,0870,3,2,144000
pll,0870,3,3,96000
pll,0870,3,4,72000
pll,0870,3,5,57600
pll,0870,3,6,48000
pll,0870,3,7,41143
pll,0870,4,2,108000
pll,0870,4,3,72000
pll,0870,4,4,54000
pll,0870,4,5,43201
pll,0870,4,6,36000
pll,0870,4,7,30857
pll,0870,5,2,86400
pll,0870,5,3,57600
pll,0870,5,4,43200
pll,0870,5,5,34560
pll,0870,5,6,28800
pll,0870,5,7,24685
pll,0870,6,1,144000
pll,0870,6,2,72000
pll,0870,6,3,48000
pll,0870,6,4,36000
pll,0870,6,5,28800
pll,0870,6,6,24000
pll,0870,6,7,20571
pll,0870,7,1,123429
pll,0870,7,2,61714
pll,0870,7,3,41143
pll,0870,7,4,30857
pll,0870,7,5,24686
pll,0870,7,6,20571
pll,0870,7,7,17633
pll,0880,1,6,146000
pll,0880,1,7,62571
pll,0880,2,3,146000
pll,0880,2,4,109500
pll,0880,2,5,87600
pll,0880,2,6,73000
pll,0880,2,7,62571
pll,0880,3,2,146000
pll,0880,3,3,97334
pll,0880,3,4,73000
pll,0880,3,5,58401
pll,0880,3,6,48667
pll,0880,3,7,41714
pll,0880,4,2,109501
pll,0880,4,3,73000
pll,0880,4,4,54750
pll,0880,4,5,43800
pll,0880,4,6,36500
pll,0880,4,7,31285
pll,0880,5,2,87600
pll,0880,5,3,58400
pll,0880,5,4,43800
pll,0880,5,5,35040
pll,0880,5,6,29200
pll,0880,5,7,25029
pll,0880,6,1,146000
pll,0880,6,2,73000
pll,0880,6,3,48667
pll,0880,6,4,36500
pll,0880,6,5,29200
pll,0880,6,6,24334
pll,0880,6,7,20858
pll,0880,7,1,125143
pll,0880,7,2,62571
pll,0880,7,3,41714
pll,0880,7,4,31286
pll,0880,7,5,25028
pll,0880,7,6,20857
pll,0880,7,7,17877
pll,0890,1,6,148001
pll,0890,1,7,63428
pll,0890,2,3,148000
pll,0890,2,4,111000
pll,0890,2,5,88800
pll,0890,2,6,74000
pll,0890,2,7,63429
pll,0890,3,2,148000
pll,0890,3,3,98667
pll,0890,3,4,74000
pll,0890,3,5,59200
pll,0890,3,6,49334
pll,0890,3,7,42286
pll,0890,4,2,111000
pll,0890,4,3,74001
pll,0890,4,4,55500
pll,0890,4,5,44400
pll,0890,4,6,37000
pll,0890,4,7,31714
pll,0890,5,2,88800
pll,0890,5,3,59200
pll,0890,5,4,44400
pll,0890,5,5,35520
pll,0890,5,6,29600
pll,0890,5,7,25371
pll,0890,6,1,148000
pll,0890,6,2,74000
pll,0890,6,3,49333
pll,0890,6,4,37001
pll,0890,6,5,29600
pll,0890,6,6,24667
pll,0890,6,7,21143
pll,0890,7,1,126857
pll,0890,7,2,63429
pll,0890,7,3,42286
pll,0890,7,4,31714
pll,0890,7,5,25372
pll,0890,7,6,21143
pll,0890,7,7,18122
pll,0900,1,6,75000
pll,0900,1,7,64285
pll,0900,2,3,150000
pll,0900,2,4,112500
pll,0900,2,5,90001
pll,0900,2,6,75001
pll,0900,2,7,64286
pll,0900,3,2,150000
pll,0900,3,3,100000
pll,0900,3,4,75000
pll,0900,3,5,60000
pll,0900,3,6,50001
pll,0900,3,7,42857
pll,0900,4,2,112500
pll,0900,4,3,75000
pll,0900,4,4,56250
pll,0900,4,5,45000
pll,0900,4,6,37500
pll,0900,4,7,32142
pll,0900,5,2,90000
pll,0900,5,3,60000
pll,0900,5,4,45000
pll,0900,5,5,36000
pll,0900,5,6,30000
pll,0900,5,7,25714
pll,0900,6,1,150000
pll,0900,6,2,75000
pll,0900,6,3,50000
pll,0900,6,4,37500
pll,0900,6,5,30000
pll,0900,6,6,25000
pll,0900,6,7,21429
pll,0900,7,1,128571
pll,0900,7,2,64286
pll,0900,7,3,42858
pll,0900,7,4,32143
pll,0900,7,5,25714
pll,0900,7,6,21429
pll,0900,7,7,18368
pll,0910,1,7,128571
pll,0910,2,4,112500
pll,0910,2,5,90000
pll,0910,2,6,75000
pll,0910,2,7,64286
pll,0910,3,3,100000
pll,0910,3,4,75000
pll,0910,3,5,60000
pll,0910,3,6,50000
pll,0910,3,7,42857
pll,0910,4,2,112500
pll,0910,4,3,75000
pll,0910,4,4,56250
pll,0910,4,5,45000
pll,0910,4,6,37500
pll,0910,4,7,32143
pll,0910,5,2,90000
pll,0910,5,3,60000
pll,0910,5,4,45000
pll,0910,5,5,36000
pll,0910,5,6,30000
pll,0910,5,7,25714
pll,0910,6,2,75000
pll,0910,6,3,50000
pll,0910,6,4,37500
pll,0910,6,5,30000
pll,0910,6,6,25000
pll,0910,6,7,21429
pll,0910,7,1,128572
pll,0910,7,2,64286
pll,0910,7,3,42857
pll,0910,7,4,32143
pll,0910,7,5,25714
pll,0910,7,6,21429
pll,0910,7,7,18367
pll,0920,1,7,130285
pll,0920,2,4,114000
pll,0920,2,5,91200
pll,0920,2,6,76000
pll,0920,2,7,65143
pll,0920,3,3,101333
pll,0920,3,4,76000
pll,0920,3,5,60801
pll,0920,3,6,50667
pll,0920,3,7,43429
pll,0920,4,2,114000
pll,0920,4,3,76001
pll,0920,4,4,57000
pll,0920,4,5,45600
pll,0920,4,6,38001
pll,0920,4,7,32572
pll,0920,5,2,91200
pll,0920,5,3,60800
pll,0920,5,4,45600
pll,0920,5,5,36480
pll,0920,5,6,30400
pll,0920,5,7,26057
pll,0920,6,2,76000
pll,0920,6,3,50666
pll,0920,6,4,38000
pll,0920,6,5,30400
pll,0920,6,6,25333
pll,0920,6,7,21714
pll,0920,7,1,130286
pll,0920,7,2,65143
pll,0920,7,3,43429
pll,0920,7,4,32571
pll,0920,7,5,26057
pll,0920,7,6,21714
pll,0920,7,7,18612
pll,0930,1,7,66000
pll,0930,2,4,115500
pll,0930,2,5,92400
pll,0930,2,6,77000
pll,0930,2,7,66001
pll,0930,3,3,102667
pll,0930,3,4,77000
pll,0930,3,5,61601
pll,0930,3,6,51334
pll,0930,3,7,44000
pll,0930,4,2,115501
pll,0930,4,3,77000
pll,0930,4,4,57750
pll,0930,4,5,46200
pll,0930,4,6,38500
pll,0930,4,7,33000
pll,0930,5,2,92401
pll,0930,5,3,61600
pll,0930,5,4,46200
pll,0930,5,5,36960
pll,0930,5,6,30801
pll,0930,5,7,26400
pll,0930,6,2,77000
pll,0930,6,3,51335
pll,0930,6,4,38500
pll,0930,6,5,30800
pll,0930,6,6,25667
pll,0930,6,7,22000
pll,0930,7,1,132000
pll,0930,7,2,66000
pll,0930,7,3,44000
pll,0930,7,4,33000
pll,0930,7,5,26400
pll,0930,7,6,22000
pll,0930,7,7,18857
pll,0940,1,7,133715
pll,0940,2,4,117000
pll,0940,2,5,93600
pll,0940,2,6,78000
pll,0940,2,7,66857
pll,0940,3,3,104000
pll,0940,3,4,78000
pll,0940,3,5,62400
pll,0940,3,6,52000
pll,0940,3,7,44571
pll,0940,4,2,117000
pll,0940,4,3,78000
pll,0940,4,4,58501
pll,0940,4,5,46800
pll,0940,4,6,39000
pll,0940,4,7,33428
pll,0940,5,2,93600
pll,0940,5,3,62400
pll,0940,5,4,46800
pll,0940,5,5,37440
pll,0940,5,6,31200
pll,0940,5,7,26743
pll,0940,6,2,78000
pll,0940,6,3,52000
pll,0940,6,4,39000
pll,0940,6,5,31200
pll,0940,6,6,26000
pll,0940,6,7,22286
pll,0940,7,1,133714
pll,0940,7,2,66857
pll,0940,7,3,44572
pll,0940,7,4,33429
pll,0940,7,5,26743
pll,0940,7,6,22285
pll,0940,7,7,19102
pll,0950,1,7,67714
pll,0950,2,4,118500
pll,0950,2,5,94800
pll,0950,2,6,79001
pll,0950,2,7,67714
pll,0950,3,3,105334
pll,0950,3,4,79000
pll,0950,3,5,63200
pll,0950,3,6,52667
pll,0950,3,7,45143
pll,0950,4,2,118500
pll,0950,4,3,79000
pll,0950,4,4,59250
pll,0950,4,5,47400
pll,0950,4,6,39500
pll,0950,4,7,33857
pll,0950,5,2,94800
pll,0950,5,3,63200
pll,0950,5,4,47400
pll,0950,5,5,37920
pll,0950,5,6,31600
pll,0950,5,7,27086
pll,0950,6,2,79000
pll,0950,6,3,52666
pll,0950,6,4,39500
pll,0950,6,5,31600
pll,0950,6,6,26334
pll,0950,6,7,22572
pll,0950,7,1,135428
pll,0950,7,2,67715
pll,0950,7,3,45143
pll,0950,7,4,33857
pll,0950,7,5,27086
pll,0950,7,6,22572
pll,0950,7,7,19347
pll,0960,1,7,68572
pll,0960,2,4,120000
pll,0960,2,5,96000
pll,0960,2,6,80000
pll,0960,2,7,68572
pll,0960,3,3,106667
pll,0960,3,4,80000
pll,0960,3,5,64000
pll,0960,3,6,53333
pll,0960,3,7,45714
pll,0960,4,2,120000
pll,0960,4,3,80000
pll,0960,4,4,60000
pll,0960,4,5,48000
pll,0960,4,6,40000
pll,0960,4,7,34286
pll,0960,5,2,96000
pll,0960,5,3,64000
pll,0960,5,4,48000
pll,0960,5,5,38401
pll,0960,5,6,32000
pll,0960,5,7,27429
pll,0960,6,2,80002
pll,0960,6,3,53334
pll,0960,6,4,40000
pll,0960,6,5,32000
pll,0960,6,6,26667
pll,0960,6,7,22858
pll,0960,7,1,137143
pll,0960,7,2,68571
pll,0960,7,3,45714
pll,0960,7,4,34285
pll,0960,7,5,27429
pll,0960,7,6,22857
pll,0960,7,7,19591
pll,0970,1,7,137143
pll,0970,2,4,120000
pll,0970,2,5,96000
pll,0970,2,6,80000
pll,0970,2,7,68571
pll,0970,3,3,106667
pll,0970,3,4,80000
pll,0970,3,5,64000
pll,0970,3,6,53333
pll,0970,3,7,45715
pll,0970,4,2,120000
pll,0970,4,3,80000
pll,0970,4,4,60000
pll,0970,4,5,48000
pll,0970,4,6,40000
pll,0970,4,7,34285
pll,0970,5,2,96000
pll,0970,5,3,64000
pll,0970,5,4,48000
pll,0970,5,5,38400
pll,0970,5,6,32000
pll,0970,5,7,27429
pll,0970,6,2,80002
pll,0970,6,3,53333
pll,0970,6,4,40000
pll,0970,6,5,32000
pll,0970,6,6,26667
pll,0970,6,7,22857
pll,0970,7,1,137143
pll,0970,7,2,68571
pll,0970,7,3,45715
pll,0970,7,4,34285
pll,0970,7,5,27428
pll,0970,7,6,22857
pll,0970,7,7,19591
pll,0980,1,7,69429
pll,0980,2,4,121501
pll,0980,2,5,97200
pll,0980,2,6,81000
pll,0980,2,7,69428
pll,0980,3,3,108000
pll,0980,3,4,81000
pll,0980,3,5,64801
pll,0980,3,6,54000
pll,0980,3,7,46286
pll,0980,4,2,121500
pll,0980,4,3,81000
pll,0980,4,4,60750
pll,0980,4,5,48600
pll,0980,4,6,40500
pll,0980,4,7,34715
pll,0980,5,2,97200
pll,0980,5,3,64800
pll,0980,5,4,48600
pll,0980,5,5,38880
pll,0980,5,6,32400
pll,0980,5,7,27771
pll,0980,6,2,81000
pll,0980,6,3,54000
pll,0980,6,4,40500
pll,0980,6,5,32400
pll,0980,6,6,27000
pll,0980,6,7,23143
pll,0980,7,1,138857
pll,0980,7,2,69428
pll,0980,7,3,46286
pll,0980,7,4,34715
pll,0980,7,5,27771
pll,0980,7,6,23143
pll,0980,7,7,19837
pll,0990,1,7,70286
pll,0990,2,4,123000
pll,0990,2,5,98400
pll,0990,2,6,82000
pll,0990,2,7,70286
pll,0990,3,3,109334
pll,0990,3,4,82000
pll,0990,3,5,65600
pll,0990,3,6,54667
pll,0990,3,7,46857
pll,0990,4,2,123000
pll,0990,4,3,82001
pll,0990,4,4,61500
pll,0990,4,5,49200
pll,0990,4,6,41000
pll,0990,4,7,35143
pll,0990,5,2,98400
pll,0990,5,3,65600
pll,0990,5,4,49200
pll,0990,5,5,39360
pll,0990,5,6,32801
pll,0990,5,7,28114
pll,0990,6,2,82000
pll,0990,6,3,54666
pll,0990,6,4,41000
pll,0990,6,5,32800
pll,0990,6,6,27334
pll,0990,6,7,23429
pll,0990,7,1,140572
pll,0990,7,2,70286
pll,0990,7,3,46857
pll,0990,7,4,35143
pll,0990,7,5,28114
pll,0990,7,6,23429
pll,0990,7,7,20082
pll,1000,1,7,71143
pll,1000,2,4,124500
pll,1000,2,5,99600
pll,1000,2,6,83000
pll,1000,2,7,71143
pll,1000,3,3,110667
pll,1000,3,4,83000
pll,1000,3,5,66400
pll,1000,3,6,55333
pll,1000,3,7,47428
pll,1000,4,2,124500
pll,1000,4,3,83000
pll,1000,4,4,62250
pll,1000,4,5,49800
pll,1000,4,6,41500
pll,1000,4,7,35573
pll,1000,5,2,99600
pll,1000,5,3,66400
pll,1000,5,4,49800
pll,1000,5,5,39840
pll,1000,5,6,33200
pll,1000,5,7,28457
pll,1000,6,2,83000
pll,1000,6,3,55333
pll,1000,6,4,41500
pll,1000,6,5,33200
pll,1000,6,6,27667
pll,1000,6,7,23714
pll,1000,7,1,142286
pll,1000,7,2,71144
pll,1000,7,3,47428
pll,1000,7,4,35572
pll,1000,7,5,28458
pll,1000,7,6,23715
pll,1000,7,7,20327
pll,1010,1,7,72000
pll,1010,2,4,126000
pll,1010,2,5,100800
pll,1010,2,6,84002
pll,1010,2,7,72000
pll,1010,3,3,112000
pll,1010,3,4,84000
pll,1010,3,5,67200
pll,1010,3,6,56000
pll,1010,3,7,48000
pll,1010,4,2,126000
pll,1010,4,3,84000
pll,1010,4,4,63000
pll,1010,4,5,50400
pll,1010,4,6,42000
pll,1010,4,7,36000
pll,1010,5,2,100800
pll,1010,5,3,67200
pll,1010,5,4,50400
pll,1010,5,5,40320
pll,1010,5,6,33600
pll,1010,5,7,28800
pll,1010,6,2,84000
pll,1010,6,3,56000
pll,1010,6,4,42000
pll,1010,6,5,33601
pll,1010,6,6,28000
pll,1010,6,7,24000
pll,1010,7,1,144000
pll,1010,7,2,72000
pll,1010,7,3,48000
pll,1010,7,4,36000
pll,1010,7,5,28800
pll,1010,7,6,24000
pll,1010,7,7,20571
pll,1020,1,7,72858
pll,1020,2,4,127500
pll,1020,2,5,102000
pll,1020,2,6,85000
pll,1020,2,7,72858
pll,1020,3,3,113334
pll,1020,3,4,85000
pll,1020,3,5,68000
pll,1020,3,6,56667
pll,1020,3,7,48572
pll,1020,4,2,127501
pll,1020,4,3,85000
pll,1020,4,4,63750
pll,1020,4,5,51000
pll,1020,4,6,42500
pll,1020,4,7,36428
pll,1020,5,2,102000
pll,1020,5,3,68000
pll,1020,5,4,51000
pll,1020,5,5,40800
pll,1020,5,6,34000
pll,1020,5,7,29143
pll,1020,6,2,85000
pll,1020,6,3,56667
pll,1020,6,4,42500
pll,1020,6,5,34000
pll,1020,6,6,28333
pll,1020,6,7,24285
pll,1020,7,1,145714
pll,1020,7,2,72857
pll,1020,7,3,48571
pll,1020,7,4,36429
pll,1020,7,5,29143
pll,1020,7,6,24285
pll,1020,7,7,20816
pll,1030,1,7,72857
pll,1030,2,4,127500
pll,1030,2,5,102000
pll,1030,2,6,85000
pll,1030,2,7,72857
pll,1030,3,3,113334
pll,1030,3,4,85000
pll,1030,3,5,68000
pll,1030,3,6,56667
pll,1030,3,7,48571
pll,1030,4,2,127500
pll,1030,4,3,85000
pll,1030,4,4,63750
pll,1030,4,5,51000
pll,1030,4,6,42500
pll,1030,4,7,36429
pll,1030,5,2,102000
pll,1030,5,3,68000
pll,1030,5,4,51000
pll,1030,5,5,40800
pll,1030,5,6,34000
pll,1030,5,7,29143
pll,1030,6,2,85000
pll,1030,6,3,56667
pll,1030,6,4,42500
pll,1030,6,5,34000
pll,1030,6,6,28333
pll,1030,6,7,24286
pll,1030,7,1,145714
pll,1030,7,2,72857
pll,1030,7,3,48572
pll,1030,7,4,36428
pll,1030,7,5,29143
pll,1030,7,6,24286
pll,1030,7,7,20816
pll,1040,1,7,147429
pll,1040,2,4,129000
pll,1040,2,5,103200
pll,1040,2,6,86000
pll,1040,2,7,73715
pll,1040,3,3,114666
pll,1040,3,4,86000
pll,1040,3,5,68800
pll,1040,3,6,57333
pll,1040,3,7,49143
pll,1040,4,2,129000
pll,1040,4,3,86000
pll,1040,4,4,64500
pll,1040,4,5,51600
pll,1040,4,6,43000
pll,1040,4,7,36857
pll,1040,5,2,103201
pll,1040,5,3,68800
pll,1040,5,4,51600
pll,1040,5,5,41280
pll,1040,5,6,34400
pll,1040,5,7,29486
pll,1040,6,2,86000
pll,1040,6,3,57333
pll,1040,6,4,43000
pll,1040,6,5,34400
pll,1040,6,6,28667
pll,1040,6,7,24571
pll,1040,7,1,147428
pll,1040,7,2,73714
pll,1040,7,3,49142
pll,1040,7,4,36857
pll,1040,7,5,29486
pll,1040,7,6,24571
pll,1040,7,7,21061
pll,1050,1,7,74572
pll,1050,2,4,130500
pll,1050,2,5,104400
pll,1050,2,6,87000
pll,1050,2,7,74571
pll,1050,3,3,116000
pll,1050,3,4,87000
pll,1050,3,5,69600
pll,1050,3,6,58000
pll,1050,3,7,49715
pll,1050,4,2,130500
pll,1050,4,3,87001
pll,1050,4,4,65250
pll,1050,4,5,52200
pll,1050,4,6,43500
pll,1050,4,7,37285
pll,1050,5,2,104400
pll,1050,5,3,69600
pll,1050,5,4,52200
pll,1050,5,5,41760
pll,1050,5,6,34800
pll,1050,5,7,29828
pll,1050,6,2,87000
pll,1050,6,3,58000
pll,1050,6,4,43500
pll,1050,6,5,34800
pll,1050,6,6,29000
pll,1050,6,7,24858
pll,1050,7,1,149143
pll,1050,7,2,74571
pll,1050,7,3,49715
pll,1050,7,4,37286
pll,1050,7,5,29829
pll,1050,7,6,24858
pll,1050,7,7,21306
pll,1060,2,4,132000
pll,1060,2,5,105600
pll,1060,2,6,88000
pll,1060,2,7,75430
pll,1060,3,3,117333
pll,1060,3,4,88000
pll,1060,3,5,70400
pll,1060,3,6,58667
pll,1060,3,7,50285
pll,1060,4,2,132000
pll,1060,4,3,88002
pll,1060,4,4,66000
pll,1060,4,5,52800
pll,1060,4,6,44000
pll,1060,4,7,37714
pll,1060,5,2,105601
pll,1060,5,3,70400
pll,1060,5,4,52800
pll,1060,5,5,42240
pll,1060,5,6,35200
pll,1060,5,7,30172
pll,1060,6,2,88000
pll,1060,6,3,58666
pll,1060,6,4,44000
pll,1060,6,5,35200
pll,1060,6,6,29333
pll,1060,6,7,25143
pll,1060,7,2,75429
pll,1060,7,3,50286
pll,1060,7,4,37715
pll,1060,7,5,30171
pll,1060,7,6,25143
pll,1060,7,7,21551
pll,1070,2,4,133500
pll,1070,2,5,106800
pll,1070,2,6,89001
pll,1070,2,7,76286
pll,1070,3,3,118667
pll,1070,3,4,89000
pll,1070,3,5,71200
pll,1070,3,6,59334
pll,1070,3,7,50857
pll,1070,4,2,133501
pll,1070,4,3,89000
pll,1070,4,4,66750
pll,1070,4,5,53400
pll,1070,4,6,44500
pll,1070,4,7,38143
pll,1070,5,2,106800
pll,1070,5,3,71200
pll,1070,5,4,53400
pll,1070,5,5,42720
pll,1070,5,6,35600
pll,1070,5,7,30515
pll,1070,6,2,89000
pll,1070,6,3,59333
pll,1070,6,4,44500
pll,1070,6,5,35600
pll,1070,6,6,29667
pll,1070,6,7,25429
pll,1070,7,2,76286
pll,1070,7,3,50857
pll,1070,7,4,38142
pll,1070,7,5,30514
pll,1070,7,6,25429
pll,1070,7,7,21796
pll,1080,2,4,135000
pll,1080,2,5,108000
pll,1080,2,6,90000
pll,1080,2,7,77143
pll,1080,3,3,120000
pll,1080,3,4,90000
pll,1080,3,5,72000
pll,1080,3,6,60000
pll,1080,3,7,51429
pll,1080,4,2,135001
pll,1080,4,3,90000
pll,1080,4,4,67500
pll,1080,4,5,54000
pll,1080,4,6,45000
pll,1080,4,7,38571
pll,1080,5,2,108000
pll,1080,5,3,72001
pll,1080,5,4,54000
pll,1080,5,5,43200
pll,1080,5,6,36000
pll,1080,5,7,30857
pll,1080,6,2,90000
pll,1080,6,3,60000
pll,1080,6,4,45000
pll,1080,6,5,36000
pll,1080,6,6,30000
pll,1080,6,7,25714
pll,1080,7,2,77143
pll,1080,7,3,51429
pll,1080,7,4,38571
pll,1080,7,5,30857
pll,1080,7,6,25715
pll,1080,7,7,22041
pll,1090,2,4,135001
pll,1090,2,5,108000
pll,1090,2,6,90001
pll,1090,2,7,77144
pll,1090,3,3,120000
pll,1090,3,4,90000
pll,1090,3,5,72000
pll,1090,3,6,60000
pll,1090,3,7,51428
pll,1090,4,2,135000
pll,1090,4,3,90000
pll,1090,4,4,67500
pll,1090,4,5,54000
pll,1090,4,6,45000
pll,1090,4,7,38571
pll,1090,5,2,108001
pll,1090,5,3,72000
pll,1090,5,4,54000
pll,1090,5,5,43200
pll,1090,5,6,36000
pll,1090,5,7,30857
pll,1090,6,2,90001
pll,1090,6,3,60000
pll,1090,6,4,45000
pll,1090,6,5,36000
pll,1090,6,6,30000
pll,1090,6,7,25714
pll,1090,7,2,77144
pll,1090,7,3,51429
pll,1090,7,4,38572
pll,1090,7,5,30857
pll,1090,7,6,25714
pll,1090,7,7,22040
pll,1100,2,4,136501
pll,1100,2,5,109200
pll,1100,2,6,91000
pll,1100,2,7,78000
pll,1100,3,3,121333
pll,1100,3,4,91000
pll,1100,3,5,72801
pll,1100,3,6,60667
pll,1100,3,7,52000
pll,1100,4,2,136501
pll,1100,4,3,91000
pll,1100,4,4,68251
pll,1100,4,5,54600
pll,1100,4,6,45500
pll,1100,4,7,39000
pll,1100,5,2,109200
pll,1100,5,3,72800
pll,1100,5,4,54600
pll,1100,5,5,43680
pll,1100,5,6,36401
pll,1100,5,7,31200
pll,1100,6,2,91000
pll,1100,6,3,60667
pll,1100,6,4,45500
pll,1100,6,5,36400
pll,1100,6,6,30333
pll,1100,6,7,26000
pll,1100,7,2,78000
pll,1100,7,3,52000
pll,1100,7,4,39000
pll,1100,7,5,31200
pll,1100,7,6,26000
pll,1100,7,7,22286
pll,1110,2,4,138000
pll,1110,2,5,110400
pll,1110,2,6,92000
pll,1110,2,7,78857
pll,1110,3,3,122667
pll,1110,3,4,92000
pll,1110,3,5,73600
pll,1110,3,6,61333
pll,1110,3,7,52572
pll,1110,4,2,138001
pll,1110,4,3,92002
pll,1110,4,4,69001
pll,1110,4,5,55200
pll,1110,4,6,46000
pll,1110,4,7,39428
pll,1110,5,2,110400
pll,1110,5,3,73600
pll,1110,5,4,55200
pll,1110,5,5,44160
pll,1110,5,6,36800
pll,1110,5,7,31543
pll,1110,6,2,92000
pll,1110,6,3,61333
pll,1110,6,4,46000
pll,1110,6,5,36800
pll,1110,6,6,30667
pll,1110,6,7,26286
pll,1110,7,2,78857
pll,1110,7,3,52572
pll,1110,7,4,39429
pll,1110,7,5,31543
pll,1110,7,6,26285
pll,1110,7,7,22531
pll,1120,2,4,139500
pll,1120,2,5,111600
pll,1120,2,6,93000
pll,1120,2,7,79714
pll,1120,3,3,124001
pll,1120,3,4,93000
pll,1120,3,5,74401
pll,1120,3,6,62000
pll,1120,3,7,53143
pll,1120,4,2,139500
pll,1120,4,3,93000
pll,1120,4,4,69750
pll,1120,4,5,55800
pll,1120,4,6,46500
pll,1120,4,7,39857
pll,1120,5,2,111600
pll,1120,5,3,74400
pll,1120,5,4,55800
pll,1120,5,5,44641
pll,1120,5,6,37200
pll,1120,5,7,31886
pll,1120,6,2,93000
pll,1120,6,3,62000
pll,1120,6,4,46500
pll,1120,6,5,37200
pll,1120,6,6,31000
pll,1120,6,7,26572
pll,1120,7,2,79714
pll,1120,7,3,53143
pll,1120,7,4,39857
pll,1120,7,5,31887
pll,1120,7,6,26571
pll,1120,7,7,22775
pll,1130,2,4,141000
pll,1130,2,5,112801
pll,1130,2,6,94000
pll,1130,2,7,80571
pll,1130,3,3,125333
pll,1130,3,4,94000
pll,1130,3,5,75200
pll,1130,3,6,62667
pll,1130,3,7,53714
pll,1130,4,2,141000
pll,1130,4,3,94000
pll,1130,4,4,70501
pll,1130,4,5,56400
pll,1130,4,6,47000
pll,1130,4,7,40286
pll,1130,5,2,112800
pll,1130,5,3,75200
pll,1130,5,4,56400
pll,1130,5,5,45120
pll,1130,5,6,37600
pll,1130,5,7,32229
pll,1130,6,2,94000
pll,1130,6,3,62667
pll,1130,6,4,47000
pll,1130,6,5,37600
pll,1130,6,6,31334
pll,1130,6,7,26857
pll,1130,7,2,80572
pll,1130,7,3,53715
pll,1130,7,4,40286
pll,1130,7,5,32229
pll,1130,7,6,26857
pll,1130,7,7,23021
pll,1140,2,4,142500
pll,1140,2,5,114000
pll,1140,2,6,95000
pll,1140,2,7,81429
pll,1140,3,3,126668
pll,1140,3,4,95000
pll,1140,3,5,76000
pll,1140,3,6,63333
pll,1140,3,7,54286
pll,1140,4,2,142500
pll,1140,4,3,95000
pll,1140,4,4,71250
pll,1140,4,5,57000
pll,1140,4,6,47500
pll,1140,4,7,40714
pll,1140,5,2,114000
pll,1140,5,3,76000
pll,1140,5,4,57000
pll,1140,5,5,45600
pll,1140,5,6,38000
pll,1140,5,7,32572
pll,1140,6,2,95000
pll,1140,6,3,63334
pll,1140,6,4,47500
pll,1140,6,5,38000
pll,1140,6,6,31667
pll,1140,6,7,27143
pll,1140,7,2,81429
pll,1140,7,3,54287
pll,1140,7,4,40714
pll,1140,7,5,32571
pll,1140,7,6,27143
pll,1140,7,7,23265
pll,1150,2,4,142500
pll,1150,2,5,114000
pll,1150,2,6,95000
pll,1150,2,7,81429
pll,1150,3,3,126667
pll,1150,3,4,95000
pll,1150,3,5,76000
pll,1150,3,6,63333
pll,1150,3,7,54285
pll,1150,4,2,142500
pll,1150,4,3,95000
pll,1150,4,4,71250
pll,1150,4,5,57000
pll,1150,4,6,47500
pll,1150,4,7,40715
pll,1150,5,2,114000
pll,1150,5,3,76000
pll,1150,5,4,57000
pll,1150,5,5,45601
pll,1150,5,6,38000
pll,1150,5,7,32571
pll,1150,6,2,95001
pll,1150,6,3,63333
pll,1150,6,4,47500
pll,1150,6,5,38000
pll,1150,6,6,31666
pll,1150,6,7,27143
pll,1150,7,2,81428
pll,1150,7,3,54285
pll,1150,7,4,40714
pll,1150,7,5,32572
pll,1150,7,6,27143
pll,1150,7,7,23265
pll,1160,2,4,144000
pll,1160,2,5,115200
pll,1160,2,6,96000
pll,1160,2,7,82286
pll,1160,3,3,128000
pll,1160,3,4,96000
pll,1160,3,5,76800
pll,1160,3,6,64000
pll,1160,3,7,54857
pll,1160,4,2,144000
pll,1160,4,3,96000
pll,1160,4,4,72000
pll,1160,4,5,57600
pll,1160,4,6,48000
pll,1160,4,7,41143
pll,1160,5,2,115201
pll,1160,5,3,76800
pll,1160,5,4,57600
pll,1160,5,5,46080
pll,1160,5,6,38401
pll,1160,5,7,32914
pll,1160,6,2,96000
pll,1160,6,3,64000
pll,1160,6,4,48000
pll,1160,6,5,38400
pll,1160,6,6,32000
pll,1160,6,7,27430
pll,1160,7,2,82287
pll,1160,7,3,54857
pll,1160,7,4,41143
pll,1160,7,5,32914
pll,1160,7,6,27429
pll,1160,7,7,23511
pll,1170,2,4,145500
pll,1170,2,5,116400
pll,1170,2,6,97000
pll,1170,2,7,83143
pll,1170,3,3,129333
pll,1170,3,4,97000
pll,1170,3,5,77600
pll,1170,3,6,64667
pll,1170,3,7,55429
pll,1170,4,2,145500
pll,1170,4,3,97001
pll,1170,4,4,72750
pll,1170,4,5,58201
pll,1170,4,6,48500
pll,1170,4,7,41572
pll,1170,5,2,116400
pll,1170,5,3,77600
pll,1170,5,4,58201
pll,1170,5,5,46560
pll,1170,5,6,38800
pll,1170,5,7,33257
pll,1170,6,2,97000
pll,1170,6,3,64667
pll,1170,6,4,48501
pll,1170,6,5,38800
pll,1170,6,6,32334
pll,1170,6,7,27715
pll,1170,7,2,83144
pll,1170,7,3,55429
pll,1170,7,4,41572
pll,1170,7,5,33257
pll,1170,7,6,27715
pll,1170,7,7,23755
pll,1180,2,4,147000
pll,1180,2,5,117601
pll,1180,2,6,98000
pll,1180,2,7,84000
pll,1180,3,3,130666
pll,1180,3,4,98001
pll,1180,3,5,78401
pll,1180,3,6,65333
pll,1180,3,7,56000
pll,1180,4,2,147001
pll,1180,4,3,98000
pll,1180,4,4,73500
pll,1180,4,5,58800
pll,1180,4,6,49000
pll,1180,4,7,42001
pll,1180,5,2,117601
pll,1180,5,3,78401
pll,1180,5,4,58800
pll,1180,5,5,47040
pll,1180,5,6,39200
pll,1180,5,7,33600
pll,1180,6,2,98001
pll,1180,6,3,65334
pll,1180,6,4,49000
pll,1180,6,5,39200
pll,1180,6,6,32667
pll,1180,6,7,28000
pll,1180,7,2,84001
pll,1180,7,3,56000
pll,1180,7,4,42000
pll,1180,7,5,33600
pll,1180,7,6,28000
pll,1180,7,7,24000
pll,1190,2,4,148500
pll,1190,2,5,118800
pll,1190,2,6,99000
pll,1190,2,7,84857
pll,1190,3,3,132000
pll,1190,3,4,99001
pll,1190,3,5,79200
pll,1190,3,6,66000
pll,1190,3,7,56571
pll,1190,4,2,148500
pll,1190,4,3,99000
pll,1190,4,4,74250
pll,1190,4,5,59400
pll,1190,4,6,49500
pll,1190,4,7,42428
pll,1190,5,2,118800
pll,1190,5,3,79200
pll,1190,5,4,59401
pll,1190,5,5,47520
pll,1190,5,6,39601
pll,1190,5,7,33943
pll,1190,6,2,99001
pll,1190,6,3,66000
pll,1190,6,4,49500
pll,1190,6,5,39600
pll,1190,6,6,33000
pll,1190,6,7,28286
pll,1190,7,2,84857
pll,1190,7,3,56571
pll,1190,7,4,42430
pll,1190,7,5,33943
pll,1190,7,6,28286
pll,1190,7,7,24245
pll,1200,2,4,150000
pll,1200,2,5,120000
pll,1200,2,6,100000
pll,1200,2,7,85715
pll,1200,3,3,133333
pll,1200,3,4,100000
pll,1200,3,5,80000
pll,1200,3,6,66666
pll,1200,3,7,57143
pll,1200,4,2,150000
pll,1200,4,3,100000
pll,1200,4,4,75000
pll,1200,4,5,60002
pll,1200,4,6,50000
pll,1200,4,7,42857
pll,1200,5,2,120000
pll,1200,5,3,80000
pll,1200,5,4,60000
pll,1200,5,5,48000
pll,1200,5,6,40000
pll,1200,5,7,34286
pll,1200,6,2,100000
pll,1200,6,3,66666
pll,1200,6,4,50000
pll,1200,6,5,40000
pll,1200,6,6,33334
pll,1200,6,7,28572
pll,1200,7,2,85715
pll,1200,7,3,57143
pll,1200,7,4,42857
pll,1200,7,5,34286
pll,1200,7,6,28572
pll,1200,7,7,24490
pll,1210,2,5,120000
pll,1210,2,6,100000
pll,1210,2,7,85715
pll,1210,3,3,133334
pll,1210,3,4,100000
pll,1210,3,5,80000
pll,1210,3,6,66666
pll,1210,3,7,57143
pll,1210,4,3,100002
pll,1210,4,4,75000
pll,1210,4,5,60000
pll,1210,4,6,50000
pll,1210,4,7,42858
pll,1210,5,2,120000
pll,1210,5,3,80000
pll,1210,5,4,60000
pll,1210,5,5,48000
pll,1210,5,6,40000
pll,1210,5,7,34286
pll,1210,6,2,100000
pll,1210,6,3,66667
pll,1210,6,4,50000
pll,1210,6,5,40000
pll,1210,6,6,33333
pll,1210,6,7,28572
pll,1210,7,2,85714
pll,1210,7,3,57143
pll,1210,7,4,42857
pll,1210,7,5,34286
pll,1210,7,6,28572
pll,1210,7,7,24489
pll,1220,2,5,121200
pll,1220,2,6,101000
pll,1220,2,7,86571
pll,1220,3,3,134666
pll,1220,3,4,101000
pll,1220,3,5,80800
pll,1220,3,6,67334
pll,1220,3,7,57715
pll,1220,4,3,101000
pll,1220,4,4,75750
pll,1220,4,5,60600
pll,1220,4,6,50500
pll,1220,4,7,43285
pll,1220,5,2,121200
pll,1220,5,3,80800
pll,1220,5,4,60600
pll,1220,5,5,48480
pll,1220,5,6,40400
pll,1220,5,7,34628
pll,1220,6,2,101001
pll,1220,6,3,67334
pll,1220,6,4,50500
pll,1220,6,5,40400
pll,1220,6,6,33667
pll,1220,6,7,28857
pll,1220,7,2,86571
pll,1220,7,3,57715
pll,1220,7,4,43286
pll,1220,7,5,34629
pll,1220,7,6,28857
pll,1220,7,7,24735
pll,1230,2,5,122400
pll,1230,2,6,102001
pll,1230,2,7,87428
pll,1230,3,3,136000
pll,1230,3,4,102000
pll,1230,3,5,81600
pll,1230,3,6,68000
pll,1230,3,7,58286
pll,1230,4,3,102000
pll,1230,4,4,76500
pll,1230,4,5,61200
pll,1230,4,6,51000
pll,1230,4,7,43714
pll,1230,5,2,122400
pll,1230,5,3,81600
pll,1230,5,4,61200
pll,1230,5,5,48960
pll,1230,5,6,40800
pll,1230,5,7,34972
pll,1230,6,2,102000
pll,1230,6,3,68000
pll,1230,6,4,51001
pll,1230,6,5,40800
pll,1230,6,6,34000
pll,1230,6,7,29143
pll,1230,7,2,87430
pll,1230,7,3,58286
pll,1230,7,4,43714
pll,1230,7,5,34971
pll,1230,7,6,29143
pll,1230,7,7,24979
pll,1240,2,5,123600
pll,1240,2,6,103000
pll,1240,2,7,88286
pll,1240,3,3,137334
pll,1240,3,4,103000
pll,1240,3,5,82400
pll,1240,3,6,68667
pll,1240,3,7,58857
pll,1240,4,3,103001
pll,1240,4,4,77250
pll,1240,4,5,61800
pll,1240,4,6,51500
pll,1240,4,7,44143
pll,1240,5,2,123602
pll,1240,5,3,82400
pll,1240,5,4,61800
pll,1240,5,5,49440
pll,1240,5,6,41200
pll,1240,5,7,35315
pll,1240,6,2,103000
pll,1240,6,3,68667
pll,1240,6,4,51501
pll,1240,6,5,41200
pll,1240,6,6,34334
pll,1240,6,7,29428
pll,1240,7,2,88286
pll,1240,7,3,58857
pll,1240,7,4,44143
pll,1240,7,5,35314
pll,1240,7,6,29429
pll,1240,7,7,25224
pll,1250,2,5,124800
pll,1250,2,6,104000
pll,1250,2,7,89143
pll,1250,3,3,138666
pll,1250,3,4,104000
pll,1250,3,5,83201
pll,1250,3,6,69333
pll,1250,3,7,59429
pll,1250,4,3,104000
pll,1250,4,4,78000
pll,1250,4,5,62400
pll,1250,4,6,52000
pll,1250,4,7,44571
pll,1250,5,2,124801
pll,1250,5,3,83200
pll,1250,5,4,62400
pll,1250,5,5,49920
pll,1250,5,6,41600
pll,1250,5,7,35657
pll,1250,6,2,104000
pll,1250,6,3,69333
pll,1250,6,4,52000
pll,1250,6,5,41600
pll,1250,6,6,34667
pll,1250,6,7,29715
pll,1250,7,2,89143
pll,1250,7,3,59429
pll,1250,7,4,44571
pll,1250,7,5,35657
pll,1250,7,6,29714
pll,1250,7,7,25470
pll,1260,2,5,126000
pll,1260,2,6,105000
pll,1260,2,7,90000
pll,1260,3,3,140001
pll,1260,3,4,105000
pll,1260,3,5,84001
pll,1260,3,6,70000
pll,1260,3,7,60000
pll,1260,4,3,105001
pll,1260,4,4,78750
pll,1260,4,5,63000
pll,1260,4,6,52500
pll,1260,4,7,45000
pll,1260,5,2,126000
pll,1260,5,3,84001
pll,1260,5,4,63000
pll,1260,5,5,50400
pll,1260,5,6,42000
pll,1260,5,7,36000
pll,1260,6,2,105000
pll,1260,6,3,70000
pll,1260,6,4,52500
pll,1260,6,5,42000
pll,1260,6,6,35000
pll,1260,6,7,30000
pll,1260,7,2,90000
pll,1260,7,3,60000
pll,1260,7,4,45000
pll,1260,7,5,36000
pll,1260,7,6,30001
pll,1260,7,7,25714
pll,1270,2,5,126001
pll,1270,2,6,105000
pll,1270,2,7,90000
pll,1270,3,3,140000
pll,1270,3,4,105000
pll,1270,3,5,84000
pll,1270,3,6,70000
pll,1270,3,7,60000
pll,1270,4,3,105000
pll,1270,4,4,78750
pll,1270,4,5,63000
pll,1270,4,6,52500
pll,1270,4,7,45000
pll,1270,5,2,126000
pll,1270,5,3,84000
pll,1270,5,4,63000
pll,1270,5,5,50400
pll,1270,5,6,42000
pll,1270,5,7,36001
pll,1270,6,2,105000
pll,1270,6,3,70000
pll,1270,6,4,52500
pll,1270,6,5,42000
pll,1270,6,6,35000
pll,1270,6,7,30000
pll,1270,7,2,90000
pll,1270,7,3,60000
pll,1270,7,4,45000
pll,1270,7,5,36000
pll,1270,7,6,30000
pll,1270,7,7,25715
pll,1280,2,5,127200
pll,1280,2,6,106000
pll,1280,2,7,90857
pll,1280,3,3,141334
pll,1280,3,4,106000
pll,1280,3,5,84800
pll,1280,3,6,70666
pll,1280,3,7,60571
pll,1280,4,3,106000
pll,1280,4,4,79500
pll,1280,4,5,63600
pll,1280,4,6,53001
pll,1280,4,7,45429
pll,1280,5,2,127200
pll,1280,5,3,84800
pll,1280,5,4,63600
pll,1280,5,5,50880
pll,1280,5,6,42400
pll,1280,5,7,36343
pll,1280,6,2,106000
pll,1280,6,3,70667
pll,1280,6,4,53000
pll,1280,6,5,42400
pll,1280,6,6,35334
pll,1280,6,7,30286
pll,1280,7,2,90857
pll,1280,7,3,60571
pll,1280,7,4,45429
pll,1280,7,5,36342
pll,1280,7,6,30285
pll,1280,7,7,25960
pll,1290,2,5,128400
pll,1290,2,6,107000
pll,1290,2,7,91714
pll,1290,3,3,142667
pll,1290,3,4,107000
pll,1290,3,5,85600
pll,1290,3,6,71334
pll,1290,3,7,61144
pll,1290,4,3,107000
pll,1290,4,4,80250
pll,1290,4,5,64200
pll,1290,4,6,53500
pll,1290,4,7,45858
pll,1290,5,2,128401
pll,1290,5,3,85600
pll,1290,5,4,64200
pll,1290,5,5,51360
pll,1290,5,6,42800
pll,1290,5,7,36686
pll,1290,6,2,107000
pll,1290,6,3,71334
pll,1290,6,4,53500
pll,1290,6,5,42801
pll,1290,6,6,35667
pll,1290,6,7,30571
pll,1290,7,2,91714
pll,1290,7,3,61143
pll,1290,7,4,45857
pll,1290,7,5,36685
pll,1290,7,6,30572
pll,1290,7,7,26204
pll,1300,2,5,129600
pll,1300,2,6,108000
pll,1300,2,7,92572
pll,1300,3,3,144000
pll,1300,3,4,108000
pll,1300,3,5,86401
pll,1300,3,6,72000
pll,1300,3,7,61714
pll,1300,4,3,108000
pll,1300,4,4,81000
pll,1300,4,5,64800
pll,1300,4,6,54000
pll,1300,4,7,46286
pll,1300,5,2,129600
pll,1300,5,3,86400
pll,1300,5,4,64800
pll,1300,5,5,51840
pll,1300,5,6,43200
pll,1300,5,7,37029
pll,1300,6,2,108000
pll,1300,6,3,72000
pll,1300,6,4,54000
pll,1300,6,5,43200
pll,1300,6,6,36000
pll,1300,6,7,30857
pll,1300,7,2,92572
pll,1300,7,3,61715
pll,1300,7,4,46286
pll,1300,7,5,37029
pll,1300,7,6,30857
pll,1300,7,7,26449
pll,1310,2,5,130800
pll,1310,2,6,109000
pll,1310,2,7,93428
pll,1310,3,3,145333
pll,1310,3,4,109000
pll,1310,3,5,87201
pll,1310,3,6,72667
pll,1310,3,7,62286
pll,1310,4,3,109000
pll,1310,4,4,81750
pll,1310,4,5,65400
pll,1310,4,6,54501
pll,1310,4,7,46715
pll,1310,5,2,130800
pll,1310,5,3,87200
pll,1310,5,4,65400
pll,1310,5,5,52320
pll,1310,5,6,43600
pll,1310,5,7,37371
pll,1310,6,2,109000
pll,1310,6,3,72667
pll,1310,6,4,54500
pll,1310,6,5,43600
pll,1310,6,6,36334
pll,1310,6,7,31143
pll,1310,7,2,93428
pll,1310,7,3,62286
pll,1310,7,4,46714
pll,1310,7,5,37372
pll,1310,7,6,31143
pll,1310,7,7,26694
pll,1320,2,5,132002
pll,1320,2,6,110000
pll,1320,2,7,94286
pll,1320,3,3,146667
pll,1320,3,4,110000
pll,1320,3,5,88000
pll,1320,3,6,73334
pll,1320,3,7,62857
pll,1320,4,3,110000
pll,1320,4,4,82500
pll,1320,4,5,66000
pll,1320,4,6,55000
pll,1320,4,7,47143
pll,1320,5,2,132000
pll,1320,5,3,88000
pll,1320,5,4,66000
pll,1320,5,5,52800
pll,1320,5,6,44000
pll,1320,5,7,37714
pll,1320,6,2,110000
pll,1320,6,3,73334
pll,1320,6,4,55000
pll,1320,6,5,44000
pll,1320,6,6,36667
pll,1320,6,7,31429
pll,1320,7,2,94286
pll,1320,7,3,62857
pll,1320,7,4,47143
pll,1320,7,5,37714
pll,1320,7,6,31429
pll,1320,7,7,26939
pll,1330,2,5,132000
pll,1330,2,6,110000
pll,1330,2,7,94286
pll,1330,3,3,146667
pll,1330,3,4,110001
pll,1330,3,5,88000
pll,1330,3,6,73333
pll,1330,3,7,62857
pll,1330,4,3,110001
pll,1330,4,4,82500
pll,1330,4,5,66000
pll,1330,4,6,55000
pll,1330,4,7,47143
pll,1330,5,2,132000
pll,1330,5,3,88000
pll,1330,5,4,66000
pll,1330,5,5,52800
pll,1330,5,6,44000
pll,1330,5,7,37715
pll,1330,6,2,110000
pll,1330,6,3,73333
pll,1330,6,4,55000
pll,1330,6,5,44000
pll,1330,6,6,36667
pll,1330,6,7,31429
pll,1330,7,2,94286
pll,1330,7,3,62858
pll,1330,7,4,47143
pll,1330,7,5,37715
pll,1330,7,6,31429
pll,1330,7,7,26939
pll,1340,2,5,133200
pll,1340,2,6,111000
pll,1340,2,7,95143
pll,1340,3,3,148001
pll,1340,3,4,111000
pll,1340,3,5,88800
pll,1340,3,6,74001
pll,1340,3,7,63428
pll,1340,4,3,111000
pll,1340,4,4,83250
pll,1340,4,5,66600
pll,1340,4,6,55500
pll,1340,4,7,47571
pll,1340,5,2,133201
pll,1340,5,3,88800
pll,1340,5,4,66600
pll,1340,5,5,53280
pll,1340,5,6,44400
pll,1340,5,7,38057
pll,1340,6,2,111000
pll,1340,6,3,74000
pll,1340,6,4,55500
pll,1340,6,5,44400
pll,1340,6,6,37000
pll,1340,6,7,31714
pll,1340,7,2,95143
pll,1340,7,3,63428
pll,1340,7,4,47572
pll,1340,7,5,38057
pll,1340,7,6,31714
pll,1340,7,7,27184
pll,1350,2,5,134400
pll,1350,2,6,112000
pll,1350,2,7,96001
pll,1350,3,3,149333
pll,1350,3,4,112001
pll,1350,3,5,89600
pll,1350,3,6,74667
pll,1350,3,7,64000
pll,1350,4,3,112000
pll,1350,4,4,84000
pll,1350,4,5,67200
pll,1350,4,6,56000
pll,1350,4,7,48002
pll,1350,5,2,134400
pll,1350,5,3,89600
pll,1350,5,4,67201
pll,1350,5,5,53760
pll,1350,5,6,44800
pll,1350,5,7,38400
pll,1350,6,2,112000
pll,1350,6,3,74667
pll,1350,6,4,56000
pll,1350,6,5,44800
pll,1350,6,6,37333
pll,1350,6,7,32000
pll,1350,7,2,96000
pll,1350,7,3,64001
pll,1350,7,4,48000
pll,1350,7,5,38400
pll,1350,7,6,32000
pll,1350,7,7,27429
pll,1360,2,5,135600
pll,1360,2,6,113001
pll,1360,2,7,96857
pll,1360,3,4,113000
pll,1360,3,5,90400
pll,1360,3,6,75334
pll,1360,3,7,64571
pll,1360,4,3,113000
pll,1360,4,4,84750
pll,1360,4,5,67800
pll,1360,4,6,56500
pll,1360,4,7,48428
pll,1360,5,2,135600
pll,1360,5,3,90400
pll,1360,5,4,67800
pll,1360,5,5,54240
pll,1360,5,6,45200
pll,1360,5,7,38743
pll,1360,6,2,113000
pll,1360,6,3,75333
pll,1360,6,4,56500
pll,1360,6,5,45200
pll,1360,6,6,37666
pll,1360,6,7,32286
pll,1360,7,2,96857
pll,1360,7,3,64571
pll,1360,7,4,48428
pll,1360,7,5,38743
pll,1360,7,6,32286
pll,1360,7,7,27673
pll,1370,2,5,136801
pll,1370,2,6,114000
pll,1370,2,7,97714
pll,1370,3,4,114000
pll,1370,3,5,91200
pll,1370,3,6,76000
pll,1370,3,7,65143
pll,1370,4,3,114001
pll,1370,4,4,85500
pll,1370,4,5,68400
pll,1370,4,6,57000
pll,1370,4,7,48857
pll,1370,5,2,136801
pll,1370,5,3,91200
pll,1370,5,4,68400
pll,1370,5,5,54720
pll,1370,5,6,45600
pll,1370,5,7,39086
pll,1370,6,2,114000
pll,1370,6,3,76000
pll,1370,6,4,57000
pll,1370,6,5,45600
pll,1370,6,6,38000
pll,1370,6,7,32571
pll,1370,7,2,97714
pll,1370,7,3,65142
pll,1370,7,4,48857
pll,1370,7,5,39086
pll,1370,7,6,32571
pll,1370,7,7,27919
pll,1380,2,5,138000
pll,1380,2,6,115000
pll,1380,2,7,98572
pll,1380,3,4,115000
pll,1380,3,5,92000
pll,1380,3,6,76666
pll,1380,3,7,65714
pll,1380,4,3,115000
pll,1380,4,4,86250
pll,1380,4,5,69000
pll,1380,4,6,57500
pll,1380,4,7,49286
pll,1380,5,2,138000
pll,1380,5,3,92000
pll,1380,5,4,69000
pll,1380,5,5,55200
pll,1380,5,6,46000
pll,1380,5,7,39428
pll,1380,6,2,115001
pll,1380,6,3,76667
pll,1380,6,4,57500
pll,1380,6,5,46000
pll,1380,6,6,38333
pll,1380,6,7,32857
pll,1380,7,2,98572
pll,1380,7,3,65715
pll,1380,7,4,49286
pll,1380,7,5,39429
pll,1380,7,6,32857
pll,1380,7,7,28163
pll,1390,2,5,138000
pll,1390,2,6,115000
pll,1390,2,7,98572
pll,1390,3,4,115000
pll,1390,3,5,92000
pll,1390,3,6,76667
pll,1390,3,7,65714
pll,1390,4,3,115000
pll,1390,4,4,86251
pll,1390,4,5,69000
pll,1390,4,6,57500
pll,1390,4,7,49286
pll,1390,5,2,138000
pll,1390,5,3,92000
pll,1390,5,4,69000
pll,1390,5,5,55200
pll,1390,5,6,46000
pll,1390,5,7,39428
pll,1390,6,2,115000
pll,1390,6,3,76666
pll,1390,6,4,57500
pll,1390,6,5,46000
pll,1390,6,6,38334
pll,1390,6,7,32857
pll,1390,7,2,98572
pll,1390,7,3,65715
pll,1390,7,4,49287
pll,1390,7,5,39429
pll,1390,7,6,32857
pll,1390,7,7,28163
pll,1400,2,5,139201
pll,1400,2,6,116000
pll,1400,2,7,99428
pll,1400,3,4,116000
pll,1400,3,5,92800
pll,1400,3,6,77334
pll,1400,3,7,66285
pll,1400,4,3,116000
pll,1400,4,4,87000
pll,1400,4,5,69600
pll,1400,4,6,58000
pll,1400,4,7,49715
pll,1400,5,2,139200
pll,1400,5,3,92800
pll,1400,5,4,69600
pll,1400,5,5,55680
pll,1400,5,6,46400
pll,1400,5,7,39772
pll,1400,6,2,116000
pll,1400,6,3,77334
pll,1400,6,4,58000
pll,1400,6,5,46400
pll,1400,6,6,38667
pll,1400,6,7,33143
pll,1400,7,2,99429
pll,1400,7,3,66286
pll,1400,7,4,49714
pll,1400,7,5,39771
pll,1400,7,6,33143
pll,1400,7,7,28408
pll,1410,2,5,140401
pll,1410,2,6,117000
pll,1410,2,7,100286
pll,1410,3,4,117001
pll,1410,3,5,93600
pll,1410,3,6,78000
pll,1410,3,7,66858
pll,1410,4,3,117000
pll,1410,4,4,87750
pll,1410,4,5,70200
pll,1410,4,6,58500
pll,1410,4,7,50142
pll,1410,5,2,140400
pll,1410,5,3,93600
pll,1410,5,4,70200
pll,1410,5,5,56160
pll,1410,5,6,46800
pll,1410,5,7,40115
pll,1410,6,2,117000
pll,1410,6,3,78000
pll,1410,6,4,58500
pll,1410,6,5,46800
pll,1410,6,6,39000
pll,1410,6,7,33428
pll,1410,7,2,100286
pll,1410,7,3,66857
pll,1410,7,4,50143
pll,1410,7,5,40114
pll,1410,7,6,33429
pll,1410,7,7,28653
pll,1420,2,5,141601
pll,1420,2,6,118000
pll,1420,2,7,101143
pll,1420,3,4,118001
pll,1420,3,5,94400
pll,1420,3,6,78667
pll,1420,3,7,67428
pll,1420,4,3,118000
pll,1420,4,4,88500
pll,1420,4,5,70800
pll,1420,4,6,59000
pll,1420,4,7,50572
pll,1420,5,2,141600
pll,1420,5,3,94400
pll,1420,5,4,70800
pll,1420,5,5,56640
pll,1420,5,6,47200
pll,1420,5,7,40458
pll,1420,6,2,118000
pll,1420,6,3,78666
pll,1420,6,4,59000
pll,1420,6,5,47200
pll,1420,6,6,39334
pll,1420,6,7,33714
pll,1420,7,2,101143
pll,1420,7,3,67428
pll,1420,7,4,50571
pll,1420,7,5,40457
pll,1420,7,6,33715
pll,1420,7,7,28898
pll,1430,2,5,142800
pll,1430,2,6,119000
pll,1430,2,7,102000
pll,1430,3,4,119000
pll,1430,3,5,95200
pll,1430,3,6,79333
pll,1430,3,7,68000
pll,1430,4,3,119000
pll,1430,4,4,89250
pll,1430,4,5,71400
pll,1430,4,6,59500
pll,1430,4,7,51000
pll,1430,5,2,142800
pll,1430,5,3,95200
pll,1430,5,4,71400
pll,1430,5,5,57120
pll,1430,5,6,47600
pll,1430,5,7,40800
pll,1430,6,2,119000
pll,1430,6,3,79333
pll,1430,6,4,59500
pll,1430,6,5,47600
pll,1430,6,6,39666
pll,1430,6,7,34000
pll,1430,7,2,102000
pll,1430,7,3,68001
pll,1430,7,4,51000
pll,1430,7,5,40800
pll,1430,7,6,34000
pll,1430,7,7,29143
pll,1440,2,5,144001
pll,1440,2,6,120000
pll,1440,2,7,102857
pll,1440,3,4,120000
pll,1440,3,5,96000
pll,1440,3,6,80001
pll,1440,3,7,68572
pll,1440,4,3,120000
pll,1440,4,4,90000
pll,1440,4,5,72000
pll,1440,4,6,60000
pll,1440,4,7,51428
pll,1440,5,2,144000
pll,1440,5,3,96000
pll,1440,5,4,72001
pll,1440,5,5,57600
pll,1440,5,6,48000
pll,1440,5,7,41143
pll,1440,6,2,120002
pll,1440,6,3,80000
pll,1440,6,4,60001
pll,1440,6,5,48001
pll,1440,6,6,40001
pll,1440,6,7,34286
pll,1440,7,2,102857
pll,1440,7,3,68571
pll,1440,7,4,51429
pll,1440,7,5,41143
pll,1440,7,6,34286
pll,1440,7,7,29388
pll,1450,2,5,144000
pll,1450,2,6,120000
pll,1450,2,7,102857
pll,1450,3,4,120001
pll,1450,3,5,96000
pll,1450,3,6,80000
pll,1450,3,7,68572
pll,1450,4,3,120001
pll,1450,4,4,90001
pll,1450,4,5,72000
pll,1450,4,6,60000
pll,1450,4,7,51429
pll,1450,5,2,144000
pll,1450,5,3,96000
pll,1450,5,4,72000
pll,1450,5,5,57600
pll,1450,5,6,48000
pll,1450,5,7,41143
pll,1450,6,2,120000
pll,1450,6,3,80000
pll,1450,6,4,60000
pll,1450,6,5,48000
pll,1450,6,6,40000
pll,1450,6,7,34286
pll,1450,7,2,102857
pll,1450,7,3,68571
pll,1450,7,4,51429
pll,1450,7,5,41143
pll,1450,7,6,34286
pll,1450,7,7,29388
pll,1460,2,5,145200
pll,1460,2,6,121000
pll,1460,2,7,103714
pll,1460,3,4,121000
pll,1460,3,5,96800
pll,1460,3,6,80666
pll,1460,3,7,69143
pll,1460,4,3,121000
pll,1460,4,4,90751
pll,1460,4,5,72600
pll,1460,4,6,60500
pll,1460,4,7,51857
pll,1460,5,2,145200
pll,1460,5,3,96800
pll,1460,5,4,72600
pll,1460,5,5,58081
pll,1460,5,6,48400
pll,1460,5,7,41486
pll,1460,6,2,121000
pll,1460,6,3,80667
pll,1460,6,4,60500
pll,1460,6,5,48400
pll,1460,6,6,40333
pll,1460,6,7,34572
pll,1460,7,2,103714
pll,1460,7,3,69143
pll,1460,7,4,51857
pll,1460,7,5,41486
pll,1460,7,6,34571
pll,1460,7,7,29633
pll,1470,2,5,146400
pll,1470,2,6,122000
pll,1470,2,7,104572
pll,1470,3,4,122001
pll,1470,3,5,97601
pll,1470,3,6,81333
pll,1470,3,7,69714
pll,1470,4,3,122000
pll,1470,4,4,91500
pll,1470,4,5,73200
pll,1470,4,6,61001
pll,1470,4,7,52285
pll,1470,5,2,146400
pll,1470,5,3,97601
pll,1470,5,4,73200
pll,1470,5,5,58560
pll,1470,5,6,48800
pll,1470,5,7,41828
pll,1470,6,2,122000
pll,1470,6,3,81333
pll,1470,6,4,61000
pll,1470,6,5,48800
pll,1470,6,6,40667
pll,1470,6,7,34857
pll,1470,7,2,104571
pll,1470,7,3,69714
pll,1470,7,4,52285
pll,1470,7,5,41829
pll,1470,7,6,34857
pll,1470,7,7,29879
pll,1480,2,5,147600
pll,1480,2,6,123000
pll,1480,2,7,105429
pll,1480,3,4,123001
pll,1480,3,5,98400
pll,1480,3,6,82000
pll,1480,3,7,70285
pll,1480,4,3,123000
pll,1480,4,4,92250
pll,1480,4,5,73800
pll,1480,4,6,61500
pll,1480,4,7,52714
pll,1480,5,2,147600
pll,1480,5,3,98400
pll,1480,5,4,73800
pll,1480,5,5,59040
pll,1480,5,6,49200
pll,1480,5,7,42172
pll,1480,6,2,123000
pll,1480,6,3,82000
pll,1480,6,4,61500
pll,1480,6,5,49200
pll,1480,6,6,41000
pll,1480,6,7,35143
pll,1480,7,2,105428
pll,1480,7,3,70286
pll,1480,7,4,52714
pll,1480,7,5,42171
pll,1480,7,6,35143
pll,1480,7,7,30123
pll,1490,2,5,148800
pll,1490,2,6,124000
pll,1490,2,7,106286
pll,1490,3,4,124000
pll,1490,3,5,99200
pll,1490,3,6,82666
pll,1490,3,7,70857
pll,1490,4,3,124000
pll,1490,4,4,93000
pll,1490,4,5,74400
pll,1490,4,6,62000
pll,1490,4,7,53143
pll,1490,5,2,148800
pll,1490,5,3,99200
pll,1490,5,4,74400
pll,1490,5,5,59520
pll,1490,5,6,49600
pll,1490,5,7,42514
pll,1490,6,2,124000
pll,1490,6,3,82667
pll,1490,6,4,62000
pll,1490,6,5,49600
pll,1490,6,6,41334
pll,1490,6,7,35429
pll,1490,7,2,106286
pll,1490,7,3,70858
pll,1490,7,4,53143
pll,1490,7,5,42514
pll,1490,7,6,35429
pll,1490,7,7,30368
pll,1500,2,5,150001
pll,1500,2,6,125000
pll,1500,2,7,107143
pll,1500,3,4,125000
pll,1500,3,5,100000
pll,1500,3,6,83333
pll,1500,3,7,71428
pll,1500,4,3,125000
pll,1500,4,4,93751
pll,1500,4,5,75000
pll,1500,4,6,62501
pll,1500,4,7,53571
pll,1500,5,2,150000
pll,1500,5,3,100000
pll,1500,5,4,75000
pll,1500,5,5,60001
pll,1500,5,6,50000
pll,1500,5,7,42857
pll,1500,6,2,125000
pll,1500,6,3,83335
pll,1500,6,4,62500
pll,1500,6,5,50000
pll,1500,6,6,41666
pll,1500,6,7,35714
pll,1500,7,2,107143
pll,1500,7,3,71429
pll,1500,7,4,53572
pll,1500,7,5,42857
pll,1500,7,6,35714
pll,1500,7,7,30612
pll,1510,2,6,125001
pll,1510,2,7,107143
pll,1510,3,4,125001
pll,1510,3,5,100000
pll,1510,3,6,83335
pll,1510,3,7,71429
pll,1510,4,3,125000
pll,1510,4,4,93750
pll,1510,4,5,75000
pll,1510,4,6,62500
pll,1510,4,7,53571
pll,1510,5,3,100000
pll,1510,5,4,75000
pll,1510,5,5,60000
pll,1510,5,6,50000
pll,1510,5,7,42857
pll,1510,6,2,125000
pll,1510,6,3,83333
pll,1510,6,4,62500
pll,1510,6,5,50000
pll,1510,6,6,41667
pll,1510,6,7,35714
pll,1510,7,2,107142
pll,1510,7,3,71428
pll,1510,7,4,53572
pll,1510,7,5,42857
pll,1510,7,6,35715
pll,1510,7,7,30613
pll,1520,2,6,126000
pll,1520,2,7,108000
pll,1520,3,4,126000
pll,1520,3,5,100800
pll,1520,3,6,84001
pll,1520,3,7,72000
pll,1520,4,3,126000
pll,1520,4,4,94500
pll,1520,4,5,75600
pll,1520,4,6,63000
pll,1520,4,7,54000
pll,1520,5,3,100800
pll,1520,5,4,75600
pll,1520,5,5,60480
pll,1520,5,6,50400
pll,1520,5,7,43200
pll,1520,6,2,126001
pll,1520,6,3,84000
pll,1520,6,4,63000
pll,1520,6,5,50400
pll,1520,6,6,42000
pll,1520,6,7,36000
pll,1520,7,2,108001
pll,1520,7,3,72000
pll,1520,7,4,54000
pll,1520,7,5,43200
pll,1520,7,6,36000
pll,1520,7,7,30857
pll,1530,2,6,127000
pll,1530,2,7,108857
pll,1530,3,4,127000
pll,1530,3,5,101601
pll,1530,3,6,84666
pll,1530,3,7,72572
pll,1530,4,3,127000
pll,1530,4,4,95250
pll,1530,4,5,76200
pll,1530,4,6,63501
pll,1530,4,7,54429
pll,1530,5,3,101600
pll,1530,5,4,76200
pll,1530,5,5,60960
pll,1530,5,6,50800
pll,1530,5,7,43543
pll,1530,6,2,127000
pll,1530,6,3,84667
pll,1530,6,4,63500
pll,1530,6,5,50800
pll,1530,6,6,42334
pll,1530,6,7,36285
pll,1530,7,2,108857
pll,1530,7,3,72572
pll,1530,7,4,54429
pll,1530,7,5,43543
pll,1530,7,6,36286
pll,1530,7,7,31102
pll,1540,2,6,128000
pll,1540,2,7,109714
pll,1540,3,4,128002
pll,1540,3,5,102400
pll,1540,3,6,85333
pll,1540,3,7,73143
pll,1540,4,3,128000
pll,1540,4,4,96000
pll,1540,4,5,76800
pll,1540,4,6,64000
pll,1540,4,7,54858
pll,1540,5,3,102400
pll,1540,5,4,76801
pll,1540,5,5,61440
pll,1540,5,6,51200
pll,1540,5,7,43885
pll,1540,6,2,128001
pll,1540,6,3,85334
pll,1540,6,4,64000
pll,1540,6,5,51200
pll,1540,6,6,42667
pll,1540,6,7,36572
pll,1540,7,2,109715
pll,1540,7,3,73143
pll,1540,7,4,54857
pll,1540,7,5,43886
pll,1540,7,6,36572
pll,1540,7,7,31347
pll,1550,2,6,129000
pll,1550,2,7,110571
pll,1550,3,4,129000
pll,1550,3,5,103200
pll,1550,3,6,86000
pll,1550,3,7,73714
pll,1550,4,3,129001
pll,1550,4,4,96750
pll,1550,4,5,77400
pll,1550,4,6,64500
pll,1550,4,7,55286
pll,1550,5,3,103201
pll,1550,5,4,77400
pll,1550,5,5,61920
pll,1550,5,6,51600
pll,1550,5,7,44229
pll,1550,6,2,129000
pll,1550,6,3,86001
pll,1550,6,4,64500
pll,1550,6,5,51600
pll,1550,6,6,43000
pll,1550,6,7,36857
pll,1550,7,2,110571
pll,1550,7,3,73715
pll,1550,7,4,55285
pll,1550,7,5,44229
pll,1550,7,6,36857
pll,1550,7,7,31591
pll,1560,2,6,130000
pll,1560,2,7,111429
pll,1560,3,4,130000
pll,1560,3,5,104000
pll,1560,3,6,86667
pll,1560,3,7,74286
pll,1560,4,3,130000
pll,1560,4,4,97500
pll,1560,4,5,78000
pll,1560,4,6,65000
pll,1560,4,7,55714
pll,1560,5,3,104001
pll,1560,5,4,78000
pll,1560,5,5,62400
pll,1560,5,6,52000
pll,1560,5,7,44571
pll,1560,6,2,130000
pll,1560,6,3,86667
pll,1560,6,4,65000
pll,1560,6,5,52000
pll,1560,6,6,43333
pll,1560,6,7,37143
pll,1560,7,2,111429
pll,1560,7,3,74287
pll,1560,7,4,55714
pll,1560,7,5,44571
pll,1560,7,6,37143
pll,1560,7,7,31837
